{"./":{"url":"./","title":"go学习文档","keywords":"","body":" Gitbook电子书 console.log('hello') console.log('hello world') 这是 Gitbook 电子书模板，需要的朋友可以直接拿去改改 book.js 的配置即可使用。 最终效果 "},"1.go语言基础入门和编程思维/":{"url":"1.go语言基础入门和编程思维/","title":"1.go语言基础入门和编程思维","keywords":"","body":""},"1.go语言基础入门和编程思维/1.Go语言基础知识/":{"url":"1.go语言基础入门和编程思维/1.Go语言基础知识/","title":"1.Go语言基础知识","keywords":"","body":""},"1.go语言基础入门和编程思维/1.Go语言基础知识/1.1Go语言的安装/":{"url":"1.go语言基础入门和编程思维/1.Go语言基础知识/1.1Go语言的安装/","title":"1.1Go语言的安装","keywords":"","body":"Go语言的安装 • 官网：https://golang.org• 国内下载：https://studygolang.com/dl• 国内镜像：https://goproxy.cn/ "},"1.go语言基础入门和编程思维/1.Go语言基础知识/1.2Goland安装/":{"url":"1.go语言基础入门和编程思维/1.Go语言基础知识/1.2Goland安装/","title":"1.2Goland安装","keywords":"","body":""},"1.go语言基础入门和编程思维/2.Go语言编程思想/":{"url":"1.go语言基础入门和编程思维/2.Go语言编程思想/","title":"2.Go语言编程思想","keywords":"","body":""},"2.租辆酷车小程序与TypeScript/":{"url":"2.租辆酷车小程序与TypeScript/","title":"2.租辆酷车小程序与TypeScript","keywords":"","body":"go学习文档 "},"3.“租辆酷车”共享出行产品设计与研发/":{"url":"3.“租辆酷车”共享出行产品设计与研发/","title":"3.“租辆酷车”共享出行产品设计与研发","keywords":"","body":"go学习文档 "},"4.“租辆酷车”架构演进之高性能位置更新与服务部署/":{"url":"4.“租辆酷车”架构演进之高性能位置更新与服务部署/","title":"4.“租辆酷车”架构演进之高性能位置更新与服务部署","keywords":"","body":"go学习文档 "},"5.电商项目-微服务基础/":{"url":"5.电商项目-微服务基础/","title":"5.电商项目-微服务基础","keywords":"","body":"go学习文档 "},"6.从0到1实现完整的微服务框架/":{"url":"6.从0到1实现完整的微服务框架/","title":"6.从0到1实现完整的微服务框架","keywords":"","body":"go学习文档 "},"7.微服务实现电商系统/":{"url":"7.微服务实现电商系统/","title":"7.微服务实现电商系统","keywords":"","body":"go学习文档 "},"8.分布式系统核心、微服务的部署/":{"url":"8.分布式系统核心、微服务的部署/","title":"8.分布式系统核心、微服务的部署","keywords":"","body":"go学习文档 "}}